{"component":true,"usingComponents":{"towxml":"../../../towxml/towxml","referer-content":"../referer-content/index","search-guide-header":"../search-guide-header/index","icon":"/components/icon/index","deep-search":"/components/biz/deep-search/index","deep-reading":"/components/biz/deep-reading/index","deep-reading-card":"/components/biz/deep-reading-card/index","popup":"../../../miniprogram_npm/@tencent/retailwe-ui-popup/index","file":"/components/biz/file/index","p2t-image":"/components/biz/p2t-image/index","step":"/components/biz/step/index","chat-msg-progress":"/components/biz/chat-msg-progress/index","h-image":"/components/h-image/index","expose-container":"/components/expose-container/index","wave":"/subPackages/components/biz/wave/index","cardList":"/subPackages/components/biz/cardList/index"},"componentPlaceholder":{"towxml":"view","wave":"view","cardList":"view"}}