{"component":true,"usingComponents":{"chat-msg":"/components/biz/chat-msg/index","referer-content":"/components/biz/referer-content/index","icon":"/components/icon/index","agent-welcome-card":"/components/biz/agent-welcome-card/index","discovery-prompt-card":"/components/biz/discovery-prompt-card/index","chat-quick-tools":"/components/biz/chat-quick-tools/index","chat-input":"/subPackages/components/common/chat-input/index","chat-feedback":"/subPackages/components/biz/chat-feedback/index","chat-share":"/subPackages/components/biz/chat-share/index","topic-popup":"/subPackages/components/biz/topic-popup/index","draw-share-pic":"/subPackages/components/biz/draw-share-pic/index"},"componentPlaceholder":{"chat-feedback":"view","chat-msg":"view","referer-content":"view","agent-welcome-card":"view","chat-share":"view","discovery-prompt-card":"view","topic-popup":"view","chat-quick-tools":"view","chat-input":"view","draw-share-pic":"view"}}