{"navigationBarTitleText":"","navigationStyle":"custom","disableScroll":true,"handleWebviewPreload":"manual","usingComponents":{"base-page":"/components/base-page/index","navigation-bar":"/components/navigation-bar/index","icon":"/components/icon/index","popover":"/components/popover/index","chat":"../chat/index","theme":"/components/theme/index","discovery-prompt-list":"/components/biz/discovery-prompt-list/index","nav-sidder":"/components/nav-sidder/index","aiCourseFloatBtn":"/subPackages/components/activity/aiCourseFloatBtn/index","copy-modal":"/subPackages/components/biz/copy-modal/index","easy-edit-dialog":"/subPackages/components/common/easy-edit-dialog/index"},"componentPlaceholder":{"copy-modal":"view","easy-edit-dialog":"view","aiCourseFloatBtn":"view","popover":"view","chat":"view","discovery-prompt-list":"view"}}