{"component":true,"usingComponents":{"theme":"/components/theme/index","popup":"../../miniprogram_npm/@tencent/retailwe-ui-popup/index","wr-dialog":"../../miniprogram_npm/@tencent/retailwe-ui-dialog/index","wr-notify":"../notify/index","back-to-app":"/subPackages/components/common/back-to-app/index","wr-toast":"../../miniprogram_npm/@tencent/retailwe-ui-toast/index","chat-intro":"/components/biz/chat-intro/index","register-popup":"/components/biz/register-popup/index"},"componentPlaceholder":{"back-to-app":"view","chat-intro":"view"}}